trial,msg_len,flip_pos,beta,alpha,p_percent
0,128,18,64,63,35.55555555555556
1,128,33,65,56,36.11111111111111
2,128,51,56,65,31.11111111111111
3,128,61,69,60,38.333333333333336
4,128,12,78,61,43.333333333333336
5,128,125,74,56,41.11111111111111
6,128,106,78,56,43.333333333333336
7,128,112,72,62,40.0
8,128,37,63,69,35.0
9,128,24,72,65,40.0
10,128,88,80,62,44.44444444444444
11,128,127,73,59,40.55555555555556
12,128,93,69,61,38.333333333333336
13,128,39,70,56,38.88888888888889
14,128,4,81,63,45.0
15,128,28,64,63,35.55555555555556
16,128,115,68,66,37.77777777777778
17,128,85,69,70,38.333333333333336
18,128,36,73,61,40.55555555555556
19,128,19,60,58,33.33333333333333
20,128,83,65,57,36.11111111111111
21,128,52,64,64,35.55555555555556
22,128,39,60,58,33.33333333333333
23,128,95,63,72,35.0
24,128,120,59,58,32.77777777777778
25,128,100,74,64,41.11111111111111
26,128,5,72,63,40.0
27,128,112,79,58,43.888888888888886
28,128,3,75,58,41.66666666666667
29,128,53,62,64,34.44444444444444
30,128,78,62,63,34.44444444444444
31,128,103,59,62,32.77777777777778
32,128,69,67,61,37.22222222222222
33,128,119,78,62,43.333333333333336
34,128,51,74,60,41.11111111111111
35,128,44,66,70,36.666666666666664
36,128,50,68,68,37.77777777777778
37,128,124,73,63,40.55555555555556
38,128,3,67,56,37.22222222222222
39,128,14,69,61,38.333333333333336
40,128,29,71,58,39.44444444444444
41,128,14,74,58,41.11111111111111
42,128,69,71,61,39.44444444444444
43,128,53,57,68,31.666666666666664
44,128,59,78,65,43.333333333333336
45,128,45,58,68,32.22222222222222
46,128,27,63,74,35.0
47,128,88,70,62,38.88888888888889
48,128,76,65,58,36.11111111111111
49,128,123,68,55,37.77777777777778
50,128,110,67,65,37.22222222222222
51,128,10,58,65,32.22222222222222
52,128,106,71,62,39.44444444444444
53,128,97,77,57,42.77777777777778
54,128,114,67,63,37.22222222222222
55,128,109,77,58,42.77777777777778
56,128,40,70,59,38.88888888888889
57,128,58,71,67,39.44444444444444
58,128,115,80,54,44.44444444444444
59,128,88,70,59,38.88888888888889
60,128,10,67,61,37.22222222222222
61,128,66,78,68,43.333333333333336
62,128,122,70,68,38.88888888888889
63,128,58,82,67,45.55555555555556
64,128,74,66,68,36.666666666666664
65,128,101,70,60,38.88888888888889
66,128,56,63,56,35.0
67,128,76,68,70,37.77777777777778
68,128,109,63,65,35.0
69,128,117,68,64,37.77777777777778
70,128,13,73,58,40.55555555555556
71,128,3,69,56,38.333333333333336
72,128,68,76,58,42.22222222222222
73,128,80,85,60,47.22222222222222
74,128,85,75,59,41.66666666666667
75,128,39,64,66,35.55555555555556
76,128,120,74,73,41.11111111111111
77,128,71,65,76,36.11111111111111
78,128,21,69,67,38.333333333333336
79,128,86,62,59,34.44444444444444
80,128,28,67,56,37.22222222222222
81,128,44,69,59,38.333333333333336
82,128,105,77,60,42.77777777777778
83,128,52,66,68,36.666666666666664
84,128,75,82,54,45.55555555555556
85,128,28,72,59,40.0
86,128,41,64,62,35.55555555555556
87,128,18,76,61,42.22222222222222
88,128,0,71,63,39.44444444444444
89,128,109,70,65,38.88888888888889
90,128,67,63,66,35.0
91,128,110,67,56,37.22222222222222
92,128,87,73,73,40.55555555555556
93,128,99,69,65,38.333333333333336
94,128,19,67,63,37.22222222222222
95,128,41,73,66,40.55555555555556
96,128,112,65,61,36.11111111111111
97,128,87,74,69,41.11111111111111
98,128,76,65,66,36.11111111111111
99,128,26,59,61,32.77777777777778
100,128,81,68,58,37.77777777777778
101,128,98,76,59,42.22222222222222
102,128,41,63,63,35.0
103,128,32,67,55,37.22222222222222
104,128,19,70,63,38.88888888888889
105,128,120,72,63,40.0
106,128,68,59,72,32.77777777777778
107,128,41,67,67,37.22222222222222
108,128,125,61,65,33.88888888888889
109,128,32,78,54,43.333333333333336
110,128,98,64,62,35.55555555555556
111,128,49,68,65,37.77777777777778
112,128,91,74,74,41.11111111111111
113,128,57,76,69,42.22222222222222
114,128,74,73,62,40.55555555555556
115,128,113,66,61,36.666666666666664
116,128,57,76,63,42.22222222222222
117,128,28,63,73,35.0
118,128,118,76,64,42.22222222222222
119,128,82,73,62,40.55555555555556
120,128,105,59,61,32.77777777777778
121,128,106,65,67,36.11111111111111
122,128,54,57,63,31.666666666666664
123,128,50,69,59,38.333333333333336
124,128,116,62,66,34.44444444444444
125,128,87,69,59,38.333333333333336
126,128,68,69,65,38.333333333333336
127,128,125,64,67,35.55555555555556
128,128,19,75,61,41.66666666666667
129,128,11,66,61,36.666666666666664
130,128,33,70,58,38.88888888888889
131,128,84,65,71,36.11111111111111
132,128,121,81,63,45.0
133,128,92,69,64,38.333333333333336
134,128,55,66,67,36.666666666666664
135,128,48,71,63,39.44444444444444
136,128,64,73,61,40.55555555555556
137,128,34,64,70,35.55555555555556
138,128,18,68,69,37.77777777777778
139,128,105,62,56,34.44444444444444
140,128,126,72,63,40.0
141,128,94,61,66,33.88888888888889
142,128,90,64,57,35.55555555555556
143,128,112,69,68,38.333333333333336
144,128,10,67,61,37.22222222222222
145,128,29,70,66,38.88888888888889
146,128,32,70,61,38.88888888888889
147,128,6,68,67,37.77777777777778
148,128,17,70,69,38.88888888888889
149,128,59,74,56,41.11111111111111
150,128,41,61,60,33.88888888888889
151,128,31,58,77,32.22222222222222
152,128,50,69,70,38.333333333333336
153,128,64,69,74,38.333333333333336
154,128,97,75,64,41.66666666666667
155,128,38,64,63,35.55555555555556
156,128,62,64,57,35.55555555555556
157,128,31,67,66,37.22222222222222
158,128,104,67,62,37.22222222222222
159,128,49,53,60,29.444444444444446
160,128,39,70,61,38.88888888888889
161,128,24,59,64,32.77777777777778
162,128,1,75,62,41.66666666666667
163,128,33,73,61,40.55555555555556
164,128,94,74,54,41.11111111111111
165,128,16,72,66,40.0
166,128,56,76,61,42.22222222222222
167,128,98,63,68,35.0
168,128,16,69,65,38.333333333333336
169,128,39,67,64,37.22222222222222
170,128,76,67,65,37.22222222222222
171,128,0,80,66,44.44444444444444
172,128,73,70,58,38.88888888888889
173,128,63,69,69,38.333333333333336
174,128,46,86,65,47.77777777777778
175,128,74,69,61,38.333333333333336
176,128,115,77,62,42.77777777777778
177,128,91,75,55,41.66666666666667
178,128,23,70,60,38.88888888888889
179,128,75,61,65,33.88888888888889
180,128,9,73,61,40.55555555555556
181,128,78,72,63,40.0
182,128,97,65,62,36.11111111111111
183,128,15,69,56,38.333333333333336
184,128,126,70,61,38.88888888888889
185,128,109,70,69,38.88888888888889
186,128,50,67,59,37.22222222222222
187,128,75,73,62,40.55555555555556
188,128,41,70,67,38.88888888888889
189,128,123,77,66,42.77777777777778
190,128,111,66,63,36.666666666666664
191,128,118,81,61,45.0
192,128,65,70,60,38.88888888888889
193,128,96,62,63,34.44444444444444
194,128,70,75,60,41.66666666666667
195,128,59,71,59,39.44444444444444
196,128,3,74,62,41.11111111111111
197,128,123,67,65,37.22222222222222
198,128,31,74,60,41.11111111111111
199,128,35,76,66,42.22222222222222
200,128,71,65,58,36.11111111111111
201,128,119,74,72,41.11111111111111
202,128,10,63,57,35.0
203,128,96,80,69,44.44444444444444
204,128,27,62,58,34.44444444444444
205,128,31,73,64,40.55555555555556
206,128,58,71,64,39.44444444444444
207,128,45,76,58,42.22222222222222
208,128,45,73,70,40.55555555555556
209,128,109,77,58,42.77777777777778
210,128,32,68,63,37.77777777777778
211,128,98,63,61,35.0
212,128,104,70,70,38.88888888888889
213,128,48,64,60,35.55555555555556
214,128,113,65,69,36.11111111111111
215,128,78,71,62,39.44444444444444
216,128,18,83,59,46.111111111111114
217,128,16,67,61,37.22222222222222
218,128,65,71,60,39.44444444444444
219,128,95,76,66,42.22222222222222
220,128,104,67,64,37.22222222222222
221,128,93,66,58,36.666666666666664
222,128,104,77,63,42.77777777777778
223,128,108,68,61,37.77777777777778
224,128,50,66,63,36.666666666666664
225,128,3,71,68,39.44444444444444
226,128,61,74,61,41.11111111111111
227,128,0,73,66,40.55555555555556
228,128,67,80,70,44.44444444444444
229,128,64,62,61,34.44444444444444
230,128,97,78,57,43.333333333333336
231,128,30,77,63,42.77777777777778
232,128,48,67,65,37.22222222222222
233,128,81,67,60,37.22222222222222
234,128,76,77,61,42.77777777777778
235,128,118,71,60,39.44444444444444
236,128,69,62,70,34.44444444444444
237,128,36,69,59,38.333333333333336
238,128,82,73,56,40.55555555555556
239,128,4,72,65,40.0
240,128,48,76,61,42.22222222222222
241,128,75,63,60,35.0
242,128,35,69,59,38.333333333333336
243,128,113,76,55,42.22222222222222
244,128,120,69,59,38.333333333333336
245,128,54,73,55,40.55555555555556
246,128,50,66,63,36.666666666666664
247,128,87,72,66,40.0
248,128,108,75,68,41.66666666666667
249,128,38,76,59,42.22222222222222
250,128,29,69,65,38.333333333333336
251,128,58,76,57,42.22222222222222
252,128,13,77,60,42.77777777777778
253,128,77,76,61,42.22222222222222
254,128,27,68,69,37.77777777777778
255,128,126,66,62,36.666666666666664
256,128,18,68,63,37.77777777777778
257,128,15,66,70,36.666666666666664
258,128,33,74,55,41.11111111111111
259,128,19,78,59,43.333333333333336
260,128,20,77,57,42.77777777777778
261,128,31,67,65,37.22222222222222
262,128,59,71,60,39.44444444444444
263,128,103,69,63,38.333333333333336
264,128,18,73,61,40.55555555555556
265,128,96,71,67,39.44444444444444
266,128,51,73,56,40.55555555555556
267,128,103,65,64,36.11111111111111
268,128,39,73,62,40.55555555555556
269,128,48,81,65,45.0
270,128,51,71,58,39.44444444444444
271,128,116,69,64,38.333333333333336
272,128,7,70,62,38.88888888888889
273,128,4,73,67,40.55555555555556
274,128,115,72,64,40.0
275,128,18,70,64,38.88888888888889
276,128,89,70,66,38.88888888888889
277,128,5,79,58,43.888888888888886
278,128,107,61,64,33.88888888888889
279,128,86,69,59,38.333333333333336
280,128,59,70,61,38.88888888888889
281,128,16,69,63,38.333333333333336
282,128,46,72,59,40.0
283,128,2,72,56,40.0
284,128,92,66,76,36.666666666666664
285,128,55,68,59,37.77777777777778
286,128,119,80,73,44.44444444444444
287,128,33,79,61,43.888888888888886
288,128,84,77,61,42.77777777777778
289,128,76,74,62,41.11111111111111
290,128,62,68,60,37.77777777777778
291,128,77,74,66,41.11111111111111
292,128,76,82,66,45.55555555555556
293,128,72,64,66,35.55555555555556
294,128,18,78,68,43.333333333333336
295,128,74,70,59,38.88888888888889
296,128,56,73,63,40.55555555555556
297,128,40,73,71,40.55555555555556
298,128,32,71,58,39.44444444444444
299,128,20,64,63,35.55555555555556
300,128,26,66,60,36.666666666666664
301,128,102,78,67,43.333333333333336
302,128,87,72,60,40.0
303,128,80,78,68,43.333333333333336
304,128,103,61,65,33.88888888888889
305,128,14,72,61,40.0
306,128,117,67,57,37.22222222222222
307,128,15,67,64,37.22222222222222
308,128,67,72,57,40.0
309,128,43,75,66,41.66666666666667
310,128,62,64,65,35.55555555555556
311,128,40,68,65,37.77777777777778
312,128,96,72,63,40.0
313,128,69,80,64,44.44444444444444
314,128,118,75,56,41.66666666666667
315,128,40,64,63,35.55555555555556
316,128,8,71,65,39.44444444444444
317,128,57,68,64,37.77777777777778
318,128,13,74,62,41.11111111111111
319,128,37,64,66,35.55555555555556
320,128,23,69,64,38.333333333333336
321,128,80,81,68,45.0
322,128,89,76,66,42.22222222222222
323,128,20,64,55,35.55555555555556
324,128,89,70,65,38.88888888888889
325,128,4,74,70,41.11111111111111
326,128,3,73,67,40.55555555555556
327,128,119,65,62,36.11111111111111
328,128,111,72,59,40.0
329,128,97,72,58,40.0
330,128,71,80,55,44.44444444444444
331,128,19,71,60,39.44444444444444
332,128,68,67,72,37.22222222222222
333,128,8,67,66,37.22222222222222
334,128,19,88,57,48.888888888888886
335,128,23,70,66,38.88888888888889
336,128,84,63,61,35.0
337,128,93,68,72,37.77777777777778
338,128,20,71,58,39.44444444444444
339,128,38,69,59,38.333333333333336
340,128,4,80,60,44.44444444444444
341,128,42,68,68,37.77777777777778
342,128,11,71,68,39.44444444444444
343,128,16,71,60,39.44444444444444
344,128,57,71,75,39.44444444444444
345,128,23,74,70,41.11111111111111
346,128,86,78,64,43.333333333333336
347,128,81,72,54,40.0
348,128,89,78,58,43.333333333333336
349,128,25,80,59,44.44444444444444
350,128,28,80,62,44.44444444444444
351,128,116,72,63,40.0
352,128,30,66,57,36.666666666666664
353,128,75,72,64,40.0
354,128,2,74,64,41.11111111111111
355,128,108,67,63,37.22222222222222
356,128,67,64,61,35.55555555555556
357,128,53,85,66,47.22222222222222
358,128,52,74,64,41.11111111111111
359,128,93,70,71,38.88888888888889
360,128,9,83,61,46.111111111111114
361,128,42,80,68,44.44444444444444
362,128,16,66,60,36.666666666666664
363,128,74,66,65,36.666666666666664
364,128,113,61,68,33.88888888888889
365,128,62,58,59,32.22222222222222
366,128,16,64,63,35.55555555555556
367,128,91,63,65,35.0
368,128,79,71,59,39.44444444444444
369,128,104,70,57,38.88888888888889
370,128,52,72,61,40.0
371,128,14,62,59,34.44444444444444
372,128,4,71,63,39.44444444444444
373,128,49,54,62,30.0
374,128,1,68,62,37.77777777777778
375,128,13,66,60,36.666666666666664
376,128,0,75,58,41.66666666666667
377,128,52,68,60,37.77777777777778
378,128,83,72,67,40.0
379,128,53,62,61,34.44444444444444
380,128,49,78,64,43.333333333333336
381,128,19,69,61,38.333333333333336
382,128,9,72,60,40.0
383,128,117,66,68,36.666666666666664
384,128,31,73,62,40.55555555555556
385,128,24,66,67,36.666666666666664
386,128,62,70,63,38.88888888888889
387,128,40,64,62,35.55555555555556
388,128,27,80,61,44.44444444444444
389,128,33,67,62,37.22222222222222
390,128,46,69,58,38.333333333333336
391,128,35,65,65,36.11111111111111
392,128,75,69,69,38.333333333333336
393,128,58,63,74,35.0
394,128,65,84,62,46.666666666666664
395,128,69,67,63,37.22222222222222
396,128,43,63,65,35.0
397,128,46,72,58,40.0
398,128,106,71,66,39.44444444444444
399,128,45,69,58,38.333333333333336
400,128,71,64,57,35.55555555555556
401,128,71,80,63,44.44444444444444
402,128,69,72,55,40.0
403,128,17,73,59,40.55555555555556
404,128,80,72,65,40.0
405,128,39,80,64,44.44444444444444
406,128,68,75,59,41.66666666666667
407,128,36,64,70,35.55555555555556
408,128,103,68,58,37.77777777777778
409,128,121,73,69,40.55555555555556
410,128,29,92,66,51.11111111111111
411,128,80,71,57,39.44444444444444
412,128,19,66,59,36.666666666666664
413,128,81,68,62,37.77777777777778
414,128,71,80,75,44.44444444444444
415,128,90,71,66,39.44444444444444
416,128,49,77,58,42.77777777777778
417,128,13,75,77,41.66666666666667
418,128,23,76,65,42.22222222222222
419,128,102,65,62,36.11111111111111
420,128,4,69,65,38.333333333333336
421,128,18,80,64,44.44444444444444
422,128,67,65,61,36.11111111111111
423,128,75,61,63,33.88888888888889
424,128,71,89,58,49.44444444444444
425,128,103,68,58,37.77777777777778
426,128,127,70,57,38.88888888888889
427,128,49,71,62,39.44444444444444
428,128,17,65,58,36.11111111111111
429,128,116,72,62,40.0
430,128,22,71,58,39.44444444444444
431,128,23,70,68,38.88888888888889
432,128,91,69,61,38.333333333333336
433,128,126,67,64,37.22222222222222
434,128,102,65,72,36.11111111111111
435,128,19,77,60,42.77777777777778
436,128,37,58,63,32.22222222222222
437,128,107,73,57,40.55555555555556
438,128,125,80,67,44.44444444444444
439,128,39,72,68,40.0
440,128,4,66,66,36.666666666666664
441,128,91,70,63,38.88888888888889
442,128,75,61,70,33.88888888888889
443,128,80,79,65,43.888888888888886
444,128,39,63,65,35.0
445,128,9,71,66,39.44444444444444
446,128,66,73,65,40.55555555555556
447,128,113,69,59,38.333333333333336
448,128,73,60,59,33.33333333333333
449,128,96,67,56,37.22222222222222
450,128,81,67,64,37.22222222222222
451,128,29,73,60,40.55555555555556
452,128,4,66,57,36.666666666666664
453,128,56,71,59,39.44444444444444
454,128,127,75,73,41.66666666666667
455,128,19,63,60,35.0
456,128,51,70,71,38.88888888888889
457,128,64,65,68,36.11111111111111
458,128,47,76,65,42.22222222222222
459,128,48,73,63,40.55555555555556
460,128,73,70,62,38.88888888888889
461,128,38,67,67,37.22222222222222
462,128,52,79,61,43.888888888888886
463,128,123,66,61,36.666666666666664
464,128,119,72,58,40.0
465,128,66,65,63,36.11111111111111
466,128,121,61,68,33.88888888888889
467,128,44,71,61,39.44444444444444
468,128,66,69,62,38.333333333333336
469,128,21,72,66,40.0
470,128,97,69,62,38.333333333333336
471,128,82,65,61,36.11111111111111
472,128,76,76,61,42.22222222222222
473,128,77,71,68,39.44444444444444
474,128,115,67,58,37.22222222222222
475,128,24,63,64,35.0
476,128,105,69,63,38.333333333333336
477,128,85,68,59,37.77777777777778
478,128,42,69,55,38.333333333333336
479,128,115,70,66,38.88888888888889
480,128,33,77,58,42.77777777777778
481,128,64,77,62,42.77777777777778
482,128,68,65,61,36.11111111111111
483,128,10,69,73,38.333333333333336
484,128,49,65,61,36.11111111111111
485,128,32,69,55,38.333333333333336
486,128,69,74,56,41.11111111111111
487,128,125,68,61,37.77777777777778
488,128,68,67,65,37.22222222222222
489,128,125,79,60,43.888888888888886
490,128,5,71,73,39.44444444444444
491,128,27,67,58,37.22222222222222
492,128,9,64,62,35.55555555555556
493,128,11,67,61,37.22222222222222
494,128,109,66,70,36.666666666666664
495,128,72,75,73,41.66666666666667
496,128,125,66,60,36.666666666666664
497,128,122,65,64,36.11111111111111
498,128,98,70,60,38.88888888888889
499,128,97,70,68,38.88888888888889
500,128,32,80,65,44.44444444444444
501,128,107,62,58,34.44444444444444
502,128,5,77,62,42.77777777777778
503,128,47,71,60,39.44444444444444
504,128,19,79,60,43.888888888888886
505,128,99,76,75,42.22222222222222
506,128,2,76,54,42.22222222222222
507,128,36,68,59,37.77777777777778
508,128,36,72,63,40.0
509,128,21,70,56,38.88888888888889
510,128,56,72,60,40.0
511,128,47,65,64,36.11111111111111
512,128,82,64,59,35.55555555555556
513,128,95,69,65,38.333333333333336
514,128,73,61,57,33.88888888888889
515,128,93,65,60,36.11111111111111
516,128,14,61,65,33.88888888888889
517,128,119,69,60,38.333333333333336
518,128,85,62,60,34.44444444444444
519,128,41,75,62,41.66666666666667
520,128,103,81,59,45.0
521,128,2,69,69,38.333333333333336
522,128,70,70,68,38.88888888888889
523,128,48,65,55,36.11111111111111
524,128,9,76,58,42.22222222222222
525,128,52,77,64,42.77777777777778
526,128,103,69,64,38.333333333333336
527,128,34,78,57,43.333333333333336
528,128,98,68,55,37.77777777777778
529,128,89,61,70,33.88888888888889
530,128,97,77,71,42.77777777777778
531,128,4,69,65,38.333333333333336
532,128,107,77,67,42.77777777777778
533,128,102,73,55,40.55555555555556
534,128,119,77,73,42.77777777777778
535,128,59,68,61,37.77777777777778
536,128,77,67,57,37.22222222222222
537,128,68,76,70,42.22222222222222
538,128,119,79,64,43.888888888888886
539,128,5,60,62,33.33333333333333
540,128,5,78,64,43.333333333333336
541,128,37,64,65,35.55555555555556
542,128,68,63,65,35.0
543,128,94,70,64,38.88888888888889
544,128,40,71,66,39.44444444444444
545,128,25,74,67,41.11111111111111
546,128,45,69,63,38.333333333333336
547,128,97,68,69,37.77777777777778
548,128,110,71,66,39.44444444444444
549,128,26,65,61,36.11111111111111
550,128,31,66,59,36.666666666666664
551,128,19,74,64,41.11111111111111
552,128,108,78,56,43.333333333333336
553,128,10,73,72,40.55555555555556
554,128,89,77,64,42.77777777777778
555,128,27,70,62,38.88888888888889
556,128,70,77,62,42.77777777777778
557,128,40,61,68,33.88888888888889
558,128,12,76,58,42.22222222222222
559,128,84,65,57,36.11111111111111
560,128,62,76,65,42.22222222222222
561,128,36,63,63,35.0
562,128,15,69,63,38.333333333333336
563,128,34,73,62,40.55555555555556
564,128,3,71,61,39.44444444444444
565,128,46,67,67,37.22222222222222
566,128,83,75,62,41.66666666666667
567,128,6,60,64,33.33333333333333
568,128,88,79,65,43.888888888888886
569,128,10,68,61,37.77777777777778
570,128,87,65,62,36.11111111111111
571,128,121,68,71,37.77777777777778
572,128,61,59,60,32.77777777777778
573,128,104,63,67,35.0
574,128,22,70,62,38.88888888888889
575,128,25,77,63,42.77777777777778
576,128,68,66,59,36.666666666666664
577,128,112,67,64,37.22222222222222
578,128,6,66,56,36.666666666666664
579,128,19,64,61,35.55555555555556
580,128,4,69,64,38.333333333333336
581,128,70,73,58,40.55555555555556
582,128,115,72,65,40.0
583,128,59,63,62,35.0
584,128,80,70,59,38.88888888888889
585,128,117,64,56,35.55555555555556
586,128,46,70,67,38.88888888888889
587,128,112,63,60,35.0
588,128,19,65,59,36.11111111111111
589,128,75,59,65,32.77777777777778
590,128,111,77,59,42.77777777777778
591,128,23,71,60,39.44444444444444
592,128,102,74,59,41.11111111111111
593,128,106,79,64,43.888888888888886
594,128,11,71,68,39.44444444444444
595,128,26,63,60,35.0
596,128,126,63,61,35.0
597,128,65,65,60,36.11111111111111
598,128,21,68,64,37.77777777777778
599,128,111,61,65,33.88888888888889
600,128,56,62,61,34.44444444444444
601,128,96,68,66,37.77777777777778
602,128,65,72,62,40.0
603,128,72,69,68,38.333333333333336
604,128,2,70,54,38.88888888888889
605,128,65,74,58,41.11111111111111
606,128,126,71,59,39.44444444444444
607,128,19,74,56,41.11111111111111
608,128,79,73,68,40.55555555555556
609,128,11,62,61,34.44444444444444
610,128,114,79,64,43.888888888888886
611,128,56,62,63,34.44444444444444
612,128,99,63,71,35.0
613,128,75,64,67,35.55555555555556
614,128,91,69,61,38.333333333333336
615,128,18,73,64,40.55555555555556
616,128,55,64,59,35.55555555555556
617,128,3,72,72,40.0
618,128,57,75,64,41.66666666666667
619,128,71,77,66,42.77777777777778
620,128,69,68,66,37.77777777777778
621,128,99,66,60,36.666666666666664
622,128,69,77,69,42.77777777777778
623,128,107,72,63,40.0
624,128,92,67,66,37.22222222222222
625,128,50,74,74,41.11111111111111
626,128,85,74,58,41.11111111111111
627,128,62,70,62,38.88888888888889
628,128,34,81,71,45.0
629,128,106,56,64,31.11111111111111
630,128,84,67,71,37.22222222222222
631,128,7,74,60,41.11111111111111
632,128,97,67,63,37.22222222222222
633,128,6,76,65,42.22222222222222
634,128,101,70,67,38.88888888888889
635,128,27,74,61,41.11111111111111
636,128,84,66,67,36.666666666666664
637,128,59,62,61,34.44444444444444
638,128,0,69,56,38.333333333333336
639,128,72,81,67,45.0
640,128,71,69,65,38.333333333333336
641,128,87,73,61,40.55555555555556
642,128,21,67,65,37.22222222222222
643,128,3,70,73,38.88888888888889
644,128,35,61,65,33.88888888888889
645,128,36,73,59,40.55555555555556
646,128,3,76,61,42.22222222222222
647,128,59,75,61,41.66666666666667
648,128,13,68,60,37.77777777777778
649,128,10,74,68,41.11111111111111
650,128,82,66,61,36.666666666666664
651,128,23,70,61,38.88888888888889
652,128,119,65,67,36.11111111111111
653,128,25,68,60,37.77777777777778
654,128,80,66,60,36.666666666666664
655,128,35,66,63,36.666666666666664
656,128,124,67,62,37.22222222222222
657,128,116,61,69,33.88888888888889
658,128,30,64,58,35.55555555555556
659,128,126,70,63,38.88888888888889
660,128,126,75,68,41.66666666666667
661,128,49,72,74,40.0
662,128,55,69,59,38.333333333333336
663,128,48,75,63,41.66666666666667
664,128,108,65,69,36.11111111111111
665,128,72,67,55,37.22222222222222
666,128,28,74,60,41.11111111111111
667,128,31,67,64,37.22222222222222
668,128,125,76,60,42.22222222222222
669,128,59,59,62,32.77777777777778
670,128,86,82,64,45.55555555555556
671,128,23,64,63,35.55555555555556
672,128,64,59,60,32.77777777777778
673,128,91,69,57,38.333333333333336
674,128,88,72,59,40.0
675,128,20,68,61,37.77777777777778
676,128,102,67,59,37.22222222222222
677,128,108,68,65,37.77777777777778
678,128,108,63,63,35.0
679,128,22,63,66,35.0
680,128,65,72,60,40.0
681,128,25,76,71,42.22222222222222
682,128,28,71,65,39.44444444444444
683,128,27,81,59,45.0
684,128,97,73,57,40.55555555555556
685,128,0,61,71,33.88888888888889
686,128,64,66,66,36.666666666666664
687,128,100,78,59,43.333333333333336
688,128,84,63,63,35.0
689,128,87,73,62,40.55555555555556
690,128,99,76,57,42.22222222222222
691,128,49,77,57,42.77777777777778
692,128,79,67,66,37.22222222222222
693,128,95,69,57,38.333333333333336
694,128,25,66,75,36.666666666666664
695,128,18,71,64,39.44444444444444
696,128,93,76,62,42.22222222222222
697,128,80,66,71,36.666666666666664
698,128,53,68,62,37.77777777777778
699,128,108,59,59,32.77777777777778
700,128,46,72,67,40.0
701,128,68,63,59,35.0
702,128,39,69,63,38.333333333333336
703,128,14,73,65,40.55555555555556
704,128,109,69,65,38.333333333333336
705,128,69,66,59,36.666666666666664
706,128,99,57,62,31.666666666666664
707,128,84,72,61,40.0
708,128,90,62,62,34.44444444444444
709,128,67,72,65,40.0
710,128,88,74,68,41.11111111111111
711,128,101,72,69,40.0
712,128,62,72,59,40.0
713,128,11,59,65,32.77777777777778
714,128,63,63,65,35.0
715,128,29,76,66,42.22222222222222
716,128,49,75,60,41.66666666666667
717,128,3,65,66,36.11111111111111
718,128,96,72,57,40.0
719,128,43,73,58,40.55555555555556
720,128,48,80,60,44.44444444444444
721,128,43,69,68,38.333333333333336
722,128,39,73,67,40.55555555555556
723,128,93,62,64,34.44444444444444
724,128,28,67,69,37.22222222222222
725,128,116,74,59,41.11111111111111
726,128,38,63,62,35.0
727,128,124,75,65,41.66666666666667
728,128,122,67,72,37.22222222222222
729,128,4,72,59,40.0
730,128,124,67,67,37.22222222222222
731,128,26,76,72,42.22222222222222
732,128,16,67,57,37.22222222222222
733,128,40,67,66,37.22222222222222
734,128,60,69,61,38.333333333333336
735,128,35,68,62,37.77777777777778
736,128,119,69,67,38.333333333333336
737,128,61,75,62,41.66666666666667
738,128,14,65,56,36.11111111111111
739,128,95,78,61,43.333333333333336
740,128,59,77,64,42.77777777777778
741,128,55,72,61,40.0
742,128,102,75,60,41.66666666666667
743,128,105,73,64,40.55555555555556
744,128,30,62,55,34.44444444444444
745,128,98,80,62,44.44444444444444
746,128,3,70,64,38.88888888888889
747,128,113,72,60,40.0
748,128,110,60,64,33.33333333333333
749,128,4,78,58,43.333333333333336
750,128,96,66,57,36.666666666666664
751,128,88,76,60,42.22222222222222
752,128,60,66,66,36.666666666666664
753,128,74,65,60,36.11111111111111
754,128,68,73,61,40.55555555555556
755,128,15,66,58,36.666666666666664
756,128,68,60,64,33.33333333333333
757,128,26,69,59,38.333333333333336
758,128,11,67,60,37.22222222222222
759,128,26,63,62,35.0
760,128,11,62,66,34.44444444444444
761,128,39,72,61,40.0
762,128,53,66,69,36.666666666666664
763,128,2,76,62,42.22222222222222
764,128,53,67,67,37.22222222222222
765,128,92,67,67,37.22222222222222
766,128,44,73,65,40.55555555555556
767,128,72,60,62,33.33333333333333
768,128,72,74,72,41.11111111111111
769,128,55,73,65,40.55555555555556
770,128,60,65,69,36.11111111111111
771,128,107,66,58,36.666666666666664
772,128,106,71,58,39.44444444444444
773,128,65,71,64,39.44444444444444
774,128,100,68,62,37.77777777777778
775,128,56,75,56,41.66666666666667
776,128,125,66,59,36.666666666666664
777,128,123,67,63,37.22222222222222
778,128,62,60,57,33.33333333333333
779,128,9,79,63,43.888888888888886
780,128,91,76,66,42.22222222222222
781,128,117,67,59,37.22222222222222
782,128,98,65,64,36.11111111111111
783,128,34,71,60,39.44444444444444
784,128,35,69,67,38.333333333333336
785,128,116,56,65,31.11111111111111
786,128,82,64,63,35.55555555555556
787,128,6,70,60,38.88888888888889
788,128,105,65,60,36.11111111111111
789,128,1,67,64,37.22222222222222
790,128,52,65,69,36.11111111111111
791,128,53,70,59,38.88888888888889
792,128,49,63,64,35.0
793,128,27,58,59,32.22222222222222
794,128,62,63,64,35.0
795,128,74,74,64,41.11111111111111
796,128,30,62,63,34.44444444444444
797,128,26,73,57,40.55555555555556
798,128,12,69,64,38.333333333333336
799,128,38,71,66,39.44444444444444
800,128,111,68,61,37.77777777777778
801,128,71,78,57,43.333333333333336
802,128,105,67,57,37.22222222222222
803,128,51,65,58,36.11111111111111
804,128,8,77,66,42.77777777777778
805,128,22,69,64,38.333333333333336
806,128,26,76,58,42.22222222222222
807,128,0,70,59,38.88888888888889
808,128,2,75,70,41.66666666666667
809,128,36,71,61,39.44444444444444
810,128,2,73,59,40.55555555555556
811,128,127,68,66,37.77777777777778
812,128,32,76,59,42.22222222222222
813,128,24,71,66,39.44444444444444
814,128,34,75,63,41.66666666666667
815,128,25,67,61,37.22222222222222
816,128,103,69,64,38.333333333333336
817,128,22,70,62,38.88888888888889
818,128,53,61,66,33.88888888888889
819,128,13,73,67,40.55555555555556
820,128,65,70,71,38.88888888888889
821,128,2,68,63,37.77777777777778
822,128,73,70,62,38.88888888888889
823,128,53,73,67,40.55555555555556
824,128,30,75,62,41.66666666666667
825,128,101,57,58,31.666666666666664
826,128,30,71,58,39.44444444444444
827,128,63,60,58,33.33333333333333
828,128,79,69,59,38.333333333333336
829,128,1,80,58,44.44444444444444
830,128,14,65,67,36.11111111111111
831,128,84,78,64,43.333333333333336
832,128,71,74,66,41.11111111111111
833,128,88,61,70,33.88888888888889
834,128,58,75,59,41.66666666666667
835,128,15,72,65,40.0
836,128,88,75,57,41.66666666666667
837,128,2,72,60,40.0
838,128,75,70,65,38.88888888888889
839,128,61,79,58,43.888888888888886
840,128,110,69,63,38.333333333333336
841,128,75,71,58,39.44444444444444
842,128,125,67,72,37.22222222222222
843,128,101,69,64,38.333333333333336
844,128,44,82,59,45.55555555555556
845,128,46,63,73,35.0
846,128,81,75,66,41.66666666666667
847,128,88,73,58,40.55555555555556
848,128,0,71,61,39.44444444444444
849,128,75,75,67,41.66666666666667
850,128,97,62,63,34.44444444444444
851,128,118,81,65,45.0
852,128,110,80,63,44.44444444444444
853,128,81,69,56,38.333333333333336
854,128,44,73,72,40.55555555555556
855,128,95,72,67,40.0
856,128,8,64,60,35.55555555555556
857,128,23,74,65,41.11111111111111
858,128,90,72,56,40.0
859,128,34,71,62,39.44444444444444
860,128,41,66,64,36.666666666666664
861,128,34,70,55,38.88888888888889
862,128,54,75,58,41.66666666666667
863,128,30,67,56,37.22222222222222
864,128,98,62,58,34.44444444444444
865,128,92,72,68,40.0
866,128,63,69,65,38.333333333333336
867,128,80,64,64,35.55555555555556
868,128,8,63,58,35.0
869,128,68,72,60,40.0
870,128,95,75,73,41.66666666666667
871,128,86,71,55,39.44444444444444
872,128,3,55,60,30.555555555555557
873,128,30,71,66,39.44444444444444
874,128,59,69,67,38.333333333333336
875,128,47,59,62,32.77777777777778
876,128,51,73,71,40.55555555555556
877,128,106,68,65,37.77777777777778
878,128,77,67,59,37.22222222222222
879,128,54,68,66,37.77777777777778
880,128,36,70,62,38.88888888888889
881,128,83,65,63,36.11111111111111
882,128,83,66,68,36.666666666666664
883,128,126,72,69,40.0
884,128,122,77,60,42.77777777777778
885,128,33,67,61,37.22222222222222
886,128,15,75,62,41.66666666666667
887,128,110,66,61,36.666666666666664
888,128,18,79,74,43.888888888888886
889,128,118,70,62,38.88888888888889
890,128,31,79,61,43.888888888888886
891,128,44,75,64,41.66666666666667
892,128,117,66,60,36.666666666666664
893,128,124,69,71,38.333333333333336
894,128,74,64,62,35.55555555555556
895,128,8,77,67,42.77777777777778
896,128,50,72,66,40.0
897,128,28,70,61,38.88888888888889
898,128,104,77,60,42.77777777777778
899,128,40,70,63,38.88888888888889
900,128,43,67,60,37.22222222222222
901,128,20,65,79,36.11111111111111
902,128,97,69,60,38.333333333333336
903,128,100,63,61,35.0
904,128,118,65,59,36.11111111111111
905,128,9,65,69,36.11111111111111
906,128,67,73,61,40.55555555555556
907,128,17,71,67,39.44444444444444
908,128,45,79,59,43.888888888888886
909,128,108,63,62,35.0
910,128,68,67,57,37.22222222222222
911,128,37,74,62,41.11111111111111
912,128,34,74,63,41.11111111111111
913,128,51,66,59,36.666666666666664
914,128,121,63,62,35.0
915,128,53,69,67,38.333333333333336
916,128,49,73,59,40.55555555555556
917,128,66,74,62,41.11111111111111
918,128,106,71,64,39.44444444444444
919,128,79,72,63,40.0
920,128,50,69,59,38.333333333333336
921,128,75,71,62,39.44444444444444
922,128,1,77,65,42.77777777777778
923,128,87,73,59,40.55555555555556
924,128,100,65,66,36.11111111111111
925,128,83,69,68,38.333333333333336
926,128,93,70,61,38.88888888888889
927,128,8,72,58,40.0
928,128,70,66,58,36.666666666666664
929,128,109,71,58,39.44444444444444
930,128,5,70,61,38.88888888888889
931,128,83,69,63,38.333333333333336
932,128,56,61,58,33.88888888888889
933,128,9,79,64,43.888888888888886
934,128,116,62,62,34.44444444444444
935,128,53,65,67,36.11111111111111
936,128,110,69,63,38.333333333333336
937,128,23,61,64,33.88888888888889
938,128,15,69,57,38.333333333333336
939,128,13,76,64,42.22222222222222
940,128,81,72,56,40.0
941,128,67,78,58,43.333333333333336
942,128,30,66,67,36.666666666666664
943,128,17,65,64,36.11111111111111
944,128,25,82,58,45.55555555555556
945,128,62,64,69,35.55555555555556
946,128,62,61,61,33.88888888888889
947,128,5,65,64,36.11111111111111
948,128,88,60,59,33.33333333333333
949,128,115,75,63,41.66666666666667
950,128,50,78,65,43.333333333333336
951,128,62,62,65,34.44444444444444
952,128,68,70,60,38.88888888888889
953,128,13,70,64,38.88888888888889
954,128,60,65,63,36.11111111111111
955,128,57,55,66,30.555555555555557
956,128,17,72,63,40.0
957,128,67,71,65,39.44444444444444
958,128,127,67,57,37.22222222222222
959,128,13,62,60,34.44444444444444
960,128,99,66,57,36.666666666666664
961,128,12,64,66,35.55555555555556
962,128,92,73,60,40.55555555555556
963,128,76,66,70,36.666666666666664
964,128,98,75,63,41.66666666666667
965,128,15,72,63,40.0
966,128,22,80,62,44.44444444444444
967,128,108,73,62,40.55555555555556
968,128,87,72,61,40.0
969,128,108,67,62,37.22222222222222
970,128,4,71,56,39.44444444444444
971,128,59,70,59,38.88888888888889
972,128,74,71,59,39.44444444444444
973,128,60,65,67,36.11111111111111
974,128,70,68,64,37.77777777777778
975,128,0,67,70,37.22222222222222
976,128,21,84,62,46.666666666666664
977,128,86,73,63,40.55555555555556
978,128,111,60,62,33.33333333333333
979,128,51,73,61,40.55555555555556
980,128,93,69,64,38.333333333333336
981,128,69,62,60,34.44444444444444
982,128,24,74,58,41.11111111111111
983,128,9,69,56,38.333333333333336
984,128,73,66,64,36.666666666666664
985,128,98,66,58,36.666666666666664
986,128,73,65,66,36.11111111111111
987,128,122,79,61,43.888888888888886
988,128,64,66,65,36.666666666666664
989,128,97,58,66,32.22222222222222
990,128,71,57,70,31.666666666666664
991,128,127,63,63,35.0
992,128,0,73,65,40.55555555555556
993,128,112,69,64,38.333333333333336
994,128,20,71,55,39.44444444444444
995,128,63,75,60,41.66666666666667
996,128,30,63,56,35.0
997,128,127,75,66,41.66666666666667
998,128,107,76,59,42.22222222222222
999,128,73,59,60,32.77777777777778
